cover,transform,width,height,width_ratio,height_ratio,success,ber,decoder_outcome,aligned_psnr,aligned_ssim,transform_family,mechanism
arsenal/preview.jpg,jpeg_q95,864,864,1.0,1.0,1,0.0,success,42.41227706730981,0.9815525179418153,coefficient_noise,coefficient_noise
arsenal/preview.jpg,jpeg_q75,864,864,1.0,1.0,1,0.0,success,36.0891955875135,0.9461202942396295,coefficient_noise,coefficient_noise
arsenal/preview.jpg,jpeg_q50,864,864,1.0,1.0,1,0.0,success,33.75326678259871,0.9173895447923996,coefficient_noise,coefficient_noise
arsenal/preview.jpg,resize_0.9_q95,778,778,0.9004629629629629,0.9004629629629629,0,0.4921875,ReedSolomonError,42.5092687861911,0.9823867512990013,geometric_desync,geometric_desync
arsenal/preview.jpg,resize_0.75_q75,648,648,0.75,0.75,0,0.515625,ReedSolomonError,35.95604419268121,0.9466415506407868,geometric_desync,geometric_desync
arsenal/preview.jpg,crop_0.02_q95,830,830,0.9606481481481481,0.9606481481481481,0,0.5572916666666666,ReedSolomonError,20.322705059405408,0.38579168327283325,geometric_desync,geometric_desync
arsenal/preview.jpg,crop_0.05_q75,778,778,0.9004629629629629,0.9004629629629629,0,0.5078125,ReedSolomonError,17.949567187307082,0.28763618485639736,geometric_desync,geometric_desync
audiophile/preview.jpg,jpeg_q95,512,512,1.0,1.0,1,0.0,success,52.81029900565446,0.9975704891046955,coefficient_noise,coefficient_noise
audiophile/preview.jpg,jpeg_q75,512,512,1.0,1.0,1,0.0,success,41.765240541056166,0.9756109758980308,coefficient_noise,coefficient_noise
audiophile/preview.jpg,jpeg_q50,512,512,1.0,1.0,1,0.0,success,38.985049186403856,0.9580260188327033,coefficient_noise,coefficient_noise
audiophile/preview.jpg,resize_0.9_q95,461,461,0.900390625,0.900390625,0,0.5338541666666666,ReedSolomonError,47.082105956234884,0.9908311429229067,geometric_desync,geometric_desync
audiophile/preview.jpg,resize_0.75_q75,384,384,0.75,0.75,0,0.4817708333333333,ReedSolomonError,39.56596897953579,0.9625017052353284,geometric_desync,geometric_desync
audiophile/preview.jpg,crop_0.02_q95,492,492,0.9609375,0.9609375,0,0.4869791666666667,ReedSolomonError,21.695732114624015,0.7769535942573901,geometric_desync,geometric_desync
audiophile/preview.jpg,crop_0.05_q75,460,460,0.8984375,0.8984375,0,0.53125,ReedSolomonError,16.154339399614695,0.6565666163662334,geometric_desync,geometric_desync
beach/preview.jpg,jpeg_q95,1001,1001,1.0,1.0,1,0.0,success,50.15230901674052,0.996761131649193,coefficient_noise,coefficient_noise
beach/preview.jpg,jpeg_q75,1001,1001,1.0,1.0,1,0.0,success,38.14434502589591,0.9754852580897335,coefficient_noise,coefficient_noise
beach/preview.jpg,jpeg_q50,1001,1001,1.0,1.0,1,0.0,success,34.13135220933875,0.9476588565007225,coefficient_noise,coefficient_noise
beach/preview.jpg,resize_0.9_q95,901,901,0.9000999000999002,0.9000999000999002,0,0.4791666666666667,ReedSolomonError,43.35969330264498,0.9887041476453812,geometric_desync,geometric_desync
beach/preview.jpg,resize_0.75_q75,751,751,0.7502497502497503,0.7502497502497503,0,0.5572916666666666,ReedSolomonError,35.30216108113093,0.9581283257143038,geometric_desync,geometric_desync
beach/preview.jpg,crop_0.02_q95,961,961,0.9600399600399601,0.9600399600399601,0,0.5182291666666666,ReedSolomonError,16.10398589591081,0.5483111988096994,geometric_desync,geometric_desync
beach/preview.jpg,crop_0.05_q75,901,901,0.9000999000999002,0.9000999000999002,0,0.5520833333333334,ReedSolomonError,13.616275763705474,0.48749691290676944,geometric_desync,geometric_desync
corsair_collection/dotted.fabeb454b273c6d2398a.jpg,jpeg_q95,3840,2160,1.0,1.0,1,0.0,success,59.714126946712895,0.9998711144948428,coefficient_noise,coefficient_noise
corsair_collection/dotted.fabeb454b273c6d2398a.jpg,jpeg_q75,3840,2160,1.0,1.0,1,0.0,success,48.482153122572875,0.998401441951635,coefficient_noise,coefficient_noise
corsair_collection/dotted.fabeb454b273c6d2398a.jpg,jpeg_q50,3840,2160,1.0,1.0,1,0.0,success,43.46957247188166,0.9946599810093443,coefficient_noise,coefficient_noise
corsair_collection/dotted.fabeb454b273c6d2398a.jpg,resize_0.9_q95,3456,1944,0.9,0.9,0,0.4270833333333333,ReedSolomonError,47.464035444262166,0.9979884934633748,geometric_desync,geometric_desync
corsair_collection/dotted.fabeb454b273c6d2398a.jpg,resize_0.75_q75,2880,1620,0.75,0.75,0,0.4296875,ReedSolomonError,39.58218147922587,0.9908549603098512,geometric_desync,geometric_desync
corsair_collection/dotted.fabeb454b273c6d2398a.jpg,crop_0.02_q95,3686,2074,0.9598958333333333,0.9601851851851851,0,0.5416666666666666,ReedSolomonError,12.060493957326466,0.14370641128730924,geometric_desync,geometric_desync
corsair_collection/dotted.fabeb454b273c6d2398a.jpg,crop_0.05_q75,3456,1944,0.9,0.9,0,0.4270833333333333,ReedSolomonError,10.019340404199191,0.10352919725737529,geometric_desync,geometric_desync
deep_space/preview.jpg,jpeg_q95,1079,1079,1.0,1.0,1,0.0,success,53.056687223220536,0.9974627463746311,coefficient_noise,coefficient_noise
deep_space/preview.jpg,jpeg_q75,1079,1079,1.0,1.0,1,0.0,success,41.722125383884716,0.9709408428290199,coefficient_noise,coefficient_noise
deep_space/preview.jpg,jpeg_q50,1079,1079,1.0,1.0,1,0.0,success,37.842620025033035,0.9249865301741883,coefficient_noise,coefficient_noise
deep_space/preview.jpg,resize_0.9_q95,971,971,0.8999073215940686,0.8999073215940686,0,0.484375,ReedSolomonError,44.9811182837859,0.9842008233081643,geometric_desync,geometric_desync
deep_space/preview.jpg,resize_0.75_q75,809,809,0.7497683039851715,0.7497683039851715,0,0.4921875,ReedSolomonError,38.17114148280365,0.9346051522777709,geometric_desync,geometric_desync
deep_space/preview.jpg,crop_0.02_q95,1035,1035,0.959221501390176,0.959221501390176,0,0.5651041666666666,ReedSolomonError,26.08906710869546,0.5478680530210425,geometric_desync,geometric_desync
deep_space/preview.jpg,crop_0.05_q75,971,971,0.8999073215940686,0.8999073215940686,0,0.515625,ReedSolomonError,23.548223283658736,0.5229119284339564,geometric_desync,geometric_desync
demon_core/preview.jpg,jpeg_q95,939,939,1.0,1.0,1,0.0,success,52.474695070635846,0.9969561641549839,coefficient_noise,coefficient_noise
demon_core/preview.jpg,jpeg_q75,939,939,1.0,1.0,1,0.0,success,41.287474930239384,0.9769364835542612,coefficient_noise,coefficient_noise
demon_core/preview.jpg,jpeg_q50,939,939,1.0,1.0,1,0.005208333333333333,success,39.10657269056038,0.9615879776339411,coefficient_noise,coefficient_noise
demon_core/preview.jpg,resize_0.9_q95,845,845,0.8998935037273695,0.8998935037273695,0,0.484375,ReedSolomonError,47.643269082922515,0.9917065668196066,geometric_desync,geometric_desync
demon_core/preview.jpg,resize_0.75_q75,704,704,0.7497337593184239,0.7497337593184239,0,0.4791666666666667,ReedSolomonError,40.93867571849894,0.971754714872009,geometric_desync,geometric_desync
demon_core/preview.jpg,crop_0.02_q95,901,901,0.9595314164004259,0.9595314164004259,0,0.484375,ReedSolomonError,25.029383259871413,0.907562132336742,geometric_desync,geometric_desync
demon_core/preview.jpg,crop_0.05_q75,845,845,0.8998935037273695,0.8998935037273695,0,0.4791666666666667,ReedSolomonError,19.247051561357768,0.8273411310611971,geometric_desync,geometric_desync
dna_fragment/preview.jpg,jpeg_q95,1080,1080,1.0,1.0,1,0.0,success,45.36811072244531,0.9818761839480202,coefficient_noise,coefficient_noise
dna_fragment/preview.jpg,jpeg_q75,1080,1080,1.0,1.0,1,0.0,success,40.07316984089191,0.9568297404886219,coefficient_noise,coefficient_noise
dna_fragment/preview.jpg,jpeg_q50,1080,1080,1.0,1.0,1,0.0,success,37.74316987843845,0.9337137676218209,coefficient_noise,coefficient_noise
dna_fragment/preview.jpg,resize_0.9_q95,972,972,0.9,0.9,0,0.5208333333333334,ReedSolomonError,45.17648290854644,0.9811204048762777,geometric_desync,geometric_desync
dna_fragment/preview.jpg,resize_0.75_q75,810,810,0.75,0.75,0,0.5130208333333334,ReedSolomonError,39.41484560752521,0.9484643736656425,geometric_desync,geometric_desync
dna_fragment/preview.jpg,crop_0.02_q95,1036,1036,0.9592592592592593,0.9592592592592593,0,0.5026041666666666,ReedSolomonError,22.059309148717766,0.7036098917057924,geometric_desync,geometric_desync
dna_fragment/preview.jpg,crop_0.05_q75,972,972,0.9,0.9,0,0.4557291666666667,ReedSolomonError,18.775061718437474,0.63750018697002,geometric_desync,geometric_desync
eagleflag/preview.jpg,jpeg_q95,1080,1080,1.0,1.0,1,0.0,success,51.76283754828216,0.9984492368279353,coefficient_noise,coefficient_noise
eagleflag/preview.jpg,jpeg_q75,1080,1080,1.0,1.0,1,0.0,success,34.582135484060345,0.95573230506547,coefficient_noise,coefficient_noise
eagleflag/preview.jpg,jpeg_q50,1080,1080,1.0,1.0,1,0.0,success,30.505665357518026,0.8654070423744238,coefficient_noise,coefficient_noise
eagleflag/preview.jpg,resize_0.9_q95,972,972,0.9,0.9,0,0.484375,ReedSolomonError,41.42473771435593,0.982306788964102,geometric_desync,geometric_desync
eagleflag/preview.jpg,resize_0.75_q75,810,810,0.75,0.75,0,0.4869791666666667,ReedSolomonError,32.33201955548899,0.8898492261719734,geometric_desync,geometric_desync
eagleflag/preview.jpg,crop_0.02_q95,1036,1036,0.9592592592592593,0.9592592592592593,0,0.4973958333333333,ReedSolomonError,18.311941704950467,0.26772154565019557,geometric_desync,geometric_desync
eagleflag/preview.jpg,crop_0.05_q75,972,972,0.9,0.9,0,0.4921875,ReedSolomonError,16.004642234056423,0.23252724286450746,geometric_desync,geometric_desync
fantasticcar/preview.jpg,jpeg_q95,1006,1006,1.0,1.0,1,0.0,success,44.83175632768132,0.9878514824592544,coefficient_noise,coefficient_noise
fantasticcar/preview.jpg,jpeg_q75,1006,1006,1.0,1.0,1,0.0,success,37.956296764276516,0.9668399161110681,coefficient_noise,coefficient_noise
fantasticcar/preview.jpg,jpeg_q50,1006,1006,1.0,1.0,1,0.0,success,35.7267454278969,0.9483697862152338,coefficient_noise,coefficient_noise
fantasticcar/preview.jpg,resize_0.9_q95,905,905,0.8996023856858847,0.8996023856858847,0,0.4895833333333333,ReedSolomonError,44.8864633103727,0.9881290382173816,geometric_desync,geometric_desync
fantasticcar/preview.jpg,resize_0.75_q75,754,754,0.7495029821073559,0.7495029821073559,0,0.4583333333333333,ReedSolomonError,37.9551232565297,0.9653062034831139,geometric_desync,geometric_desync
fantasticcar/preview.jpg,crop_0.02_q95,966,966,0.9602385685884692,0.9602385685884692,0,0.5026041666666666,ReedSolomonError,18.89407978919199,0.6855540131526267,geometric_desync,geometric_desync
fantasticcar/preview.jpg,crop_0.05_q75,906,906,0.9005964214711729,0.9005964214711729,0,0.5,ReedSolomonError,15.098587581978158,0.5872751938603685,geometric_desync,geometric_desync
neon_sunset/preview.jpg,jpeg_q95,1152,1152,1.0,1.0,1,0.0,success,44.49260687013469,0.98957727527358,coefficient_noise,coefficient_noise
neon_sunset/preview.jpg,jpeg_q75,1152,1152,1.0,1.0,1,0.0,success,37.987480798434724,0.9673324666244453,coefficient_noise,coefficient_noise
neon_sunset/preview.jpg,jpeg_q50,1152,1152,1.0,1.0,1,0.0,success,35.23582266935111,0.946359427292399,coefficient_noise,coefficient_noise
neon_sunset/preview.jpg,resize_0.9_q95,1037,1037,0.9001736111111112,0.9001736111111112,0,0.46875,ReedSolomonError,43.93193739743329,0.9887015254826679,geometric_desync,geometric_desync
neon_sunset/preview.jpg,resize_0.75_q75,864,864,0.75,0.75,0,0.4661458333333333,ReedSolomonError,35.982109271942186,0.9598828011166681,geometric_desync,geometric_desync
neon_sunset/preview.jpg,crop_0.02_q95,1106,1106,0.9600694444444444,0.9600694444444444,0,0.46875,ReedSolomonError,14.719528077222122,0.4221801573953335,geometric_desync,geometric_desync
neon_sunset/preview.jpg,crop_0.05_q75,1036,1036,0.8993055555555556,0.8993055555555556,0,0.5182291666666666,ReedSolomonError,12.55352625022033,0.3522003147787575,geometric_desync,geometric_desync
retro/preview.jpg,jpeg_q95,935,935,1.0,1.0,1,0.0,success,44.43870058615717,0.9858637999326261,coefficient_noise,coefficient_noise
retro/preview.jpg,jpeg_q75,935,935,1.0,1.0,1,0.0,success,38.441577562088455,0.9586422523099206,coefficient_noise,coefficient_noise
retro/preview.jpg,jpeg_q50,935,935,1.0,1.0,1,0.0,success,36.44143073146581,0.9408807897229955,coefficient_noise,coefficient_noise
retro/preview.jpg,resize_0.9_q95,842,842,0.9005347593582887,0.9005347593582887,0,0.4869791666666667,ReedSolomonError,44.446065357334234,0.9860822537753368,geometric_desync,geometric_desync
retro/preview.jpg,resize_0.75_q75,701,701,0.7497326203208556,0.7497326203208556,0,0.4921875,ReedSolomonError,37.7289878703909,0.9527586188763572,geometric_desync,geometric_desync
retro/preview.jpg,crop_0.02_q95,897,897,0.9593582887700535,0.9593582887700535,0,0.5078125,ReedSolomonError,15.343688224847245,0.418552132913345,geometric_desync,geometric_desync
retro/preview.jpg,crop_0.05_q75,841,841,0.8994652406417112,0.8994652406417112,0,0.4739583333333333,ReedSolomonError,12.297354042709829,0.36839769231870667,geometric_desync,geometric_desync
ricepod/preview.jpg,jpeg_q95,512,512,1.0,1.0,1,0.0,success,51.42880737431197,0.997935437393506,coefficient_noise,coefficient_noise
ricepod/preview.jpg,jpeg_q75,512,512,1.0,1.0,1,0.0,success,39.10366953590232,0.9768156123335029,coefficient_noise,coefficient_noise
ricepod/preview.jpg,jpeg_q50,512,512,1.0,1.0,1,0.0,success,36.41887026676394,0.9595447850009377,coefficient_noise,coefficient_noise
ricepod/preview.jpg,resize_0.9_q95,461,461,0.900390625,0.900390625,0,0.5416666666666666,ReedSolomonError,45.377268204524405,0.99244329765376,geometric_desync,geometric_desync
ricepod/preview.jpg,resize_0.75_q75,384,384,0.75,0.75,0,0.5286458333333334,ReedSolomonError,37.44628048522482,0.9661625099166287,geometric_desync,geometric_desync
ricepod/preview.jpg,crop_0.02_q95,492,492,0.9609375,0.9609375,0,0.4817708333333333,ReedSolomonError,21.264851419789487,0.6561809460939472,geometric_desync,geometric_desync
ricepod/preview.jpg,crop_0.05_q75,460,460,0.8984375,0.8984375,0,0.515625,ReedSolomonError,17.148271825068335,0.5027581972987049,geometric_desync,geometric_desync
sheep/preview.jpg,jpeg_q95,512,512,1.0,1.0,1,0.0,success,44.712596304426256,0.9971129023014319,coefficient_noise,coefficient_noise
sheep/preview.jpg,jpeg_q75,512,512,1.0,1.0,1,0.0,success,30.904407549631298,0.932988213226305,coefficient_noise,coefficient_noise
sheep/preview.jpg,jpeg_q50,512,512,1.0,1.0,1,0.0,success,28.363089490486782,0.8837316532624769,coefficient_noise,coefficient_noise
sheep/preview.jpg,resize_0.9_q95,461,461,0.900390625,0.900390625,0,0.4895833333333333,ReedSolomonError,38.73636130537118,0.9876154620281562,geometric_desync,geometric_desync
sheep/preview.jpg,resize_0.75_q75,384,384,0.75,0.75,0,0.4817708333333333,ReedSolomonError,29.83040565568205,0.9115296585461659,geometric_desync,geometric_desync
sheep/preview.jpg,crop_0.02_q95,492,492,0.9609375,0.9609375,0,0.5078125,ReedSolomonError,15.597999537636424,0.12418039691397442,geometric_desync,geometric_desync
sheep/preview.jpg,crop_0.05_q75,460,460,0.8984375,0.8984375,0,0.5234375,ReedSolomonError,13.872382995292924,0.07990042187400971,geometric_desync,geometric_desync
shimmering_particles/preview.jpg,jpeg_q95,990,990,1.0,1.0,1,0.0,success,51.38742557866736,0.993205672695495,coefficient_noise,coefficient_noise
shimmering_particles/preview.jpg,jpeg_q75,990,990,1.0,1.0,1,0.0,success,46.74553049371571,0.9832462924552153,coefficient_noise,coefficient_noise
shimmering_particles/preview.jpg,jpeg_q50,990,990,1.0,1.0,1,0.0,success,43.98520895258947,0.97279970572419,coefficient_noise,coefficient_noise
shimmering_particles/preview.jpg,resize_0.9_q95,891,891,0.9,0.9,0,0.46875,ReedSolomonError,50.817070114691816,0.9924920667293048,geometric_desync,geometric_desync
shimmering_particles/preview.jpg,resize_0.75_q75,742,742,0.7494949494949495,0.7494949494949495,0,0.4973958333333333,ReedSolomonError,46.00806456474561,0.9807232190365797,geometric_desync,geometric_desync
shimmering_particles/preview.jpg,crop_0.02_q95,950,950,0.9595959595959596,0.9595959595959596,0,0.4661458333333333,ReedSolomonError,32.66129878868317,0.9506581907185624,geometric_desync,geometric_desync
shimmering_particles/preview.jpg,crop_0.05_q75,890,890,0.898989898989899,0.898989898989899,0,0.46875,ReedSolomonError,26.23444262311667,0.9239296357260497,geometric_desync,geometric_desync
techno/preview.jpg,jpeg_q95,512,512,1.0,1.0,1,0.0,success,47.14383025459833,0.9968078707355216,coefficient_noise,coefficient_noise
techno/preview.jpg,jpeg_q75,512,512,1.0,1.0,1,0.0,success,34.2502819610575,0.966699655840075,coefficient_noise,coefficient_noise
techno/preview.jpg,jpeg_q50,512,512,1.0,1.0,1,0.0,success,31.526282614909462,0.945940242250282,coefficient_noise,coefficient_noise
techno/preview.jpg,resize_0.9_q95,461,461,0.900390625,0.900390625,0,0.46875,ReedSolomonError,42.40883653573225,0.9895771290275978,geometric_desync,geometric_desync
techno/preview.jpg,resize_0.75_q75,384,384,0.75,0.75,0,0.4921875,ReedSolomonError,33.51361078699065,0.9573543257402717,geometric_desync,geometric_desync
techno/preview.jpg,crop_0.02_q95,492,492,0.9609375,0.9609375,0,0.4661458333333333,ReedSolomonError,16.742420477570626,0.7233943788007076,geometric_desync,geometric_desync
techno/preview.jpg,crop_0.05_q75,460,460,0.8984375,0.8984375,0,0.4895833333333333,ReedSolomonError,12.331154496276495,0.5472928935046741,geometric_desync,geometric_desync
