cover,mean_abs_ac,mean_ber,spearman_rho_all_covers,spearman_pvalue_all_covers
arsenal/preview.jpg,5.524155181048185,0.0,-0.5488695843700093,0.03409736320821886
audiophile/preview.jpg,0.6603926401289683,0.0,-0.5488695843700093,0.03409736320821886
beach/preview.jpg,0.9733940019276376,0.00390625,-0.5488695843700093,0.03409736320821886
corsair_collection/dotted.fabeb454b273c6d2398a.jpg,0.404637958063884,0.0,-0.5488695843700093,0.03409736320821886
deep_space/preview.jpg,0.43261349532954474,0.0,-0.5488695843700093,0.03409736320821886
demon_core/preview.jpg,0.35726711444895876,0.0026041666666666665,-0.5488695843700093,0.03409736320821886
dna_fragment/preview.jpg,2.3836775752825137,0.0,-0.5488695843700093,0.03409736320821886
eagleflag/preview.jpg,1.087149606984998,0.0,-0.5488695843700093,0.03409736320821886
fantasticcar/preview.jpg,2.3205307402208386,0.0,-0.5488695843700093,0.03409736320821886
neon_sunset/preview.jpg,4.216164970360572,0.0,-0.5488695843700093,0.03409736320821886
retro/preview.jpg,2.878160775596673,0.0,-0.5488695843700093,0.03409736320821886
ricepod/preview.jpg,1.3297913566468254,0.0,-0.5488695843700093,0.03409736320821886
sheep/preview.jpg,4.786636594742063,0.0,-0.5488695843700093,0.03409736320821886
shimmering_particles/preview.jpg,0.32383078968666895,0.0006510416666666666,-0.5488695843700093,0.03409736320821886
techno/preview.jpg,1.982545882936508,0.0,-0.5488695843700093,0.03409736320821886
