platform,trial,delivered_file,delivered_width,delivered_height,original_width,original_height,width_ratio,height_ratio,note
twitter,1,twitter/HRymGska4AAc_Xn.jpg,512,512,,,,,canonical CSV records delivered dimensions only through file inspection
twitter,2,twitter/HRymELHaYAAAiqj.jpg,512,512,,,,,canonical CSV records delivered dimensions only through file inspection
twitter,3,twitter/HRymB1FaAAENk0q.jpg,512,512,,,,,canonical CSV records delivered dimensions only through file inspection
twitter,4,twitter/HRyl-QxbEAAuHpQ.jpg,990,990,,,,,canonical CSV records delivered dimensions only through file inspection
twitter,5,twitter/HRyl6IqbEAE6jBj.jpg,990,990,,,,,canonical CSV records delivered dimensions only through file inspection
twitter,6,twitter/HRyl1qZbkAA7pcX.jpg,990,990,,,,,canonical CSV records delivered dimensions only through file inspection
twitter,7,twitter/HRylxBCb0AANl_F.jpg,512,512,,,,,canonical CSV records delivered dimensions only through file inspection
twitter,8,twitter/HRylunLa8AA611-.jpg,512,512,,,,,canonical CSV records delivered dimensions only through file inspection
twitter,9,twitter/HRylsAYasAEcpNc.jpg,512,512,,,,,canonical CSV records delivered dimensions only through file inspection
twitter,10,twitter/HRylisNaAAAyHoe.jpg,512,512,,,,,canonical CSV records delivered dimensions only through file inspection
twitter,11,twitter/HRylf3abQAAT9Jd.jpg,512,512,,,,,canonical CSV records delivered dimensions only through file inspection
twitter,12,twitter/HRylc2EbcAA9Q0z.jpg,512,512,,,,,canonical CSV records delivered dimensions only through file inspection
twitter,13,twitter/HRylY0kb0AAC52B.jpg,935,935,,,,,canonical CSV records delivered dimensions only through file inspection
twitter,14,twitter/HRylVybbkAAVHXB.jpg,935,935,,,,,canonical CSV records delivered dimensions only through file inspection
twitter,15,twitter/HRylTDib0AAm6KV.jpg,935,935,,,,,canonical CSV records delivered dimensions only through file inspection
twitter,16,twitter/HRylP1YbAAAE2jT.jpg,1152,1152,,,,,canonical CSV records delivered dimensions only through file inspection
twitter,17,twitter/HRylLOKaQAAkk03.jpg,1152,1152,,,,,canonical CSV records delivered dimensions only through file inspection
twitter,18,twitter/HRylGOwbkAAvy93.jpg,1152,1152,,,,,canonical CSV records delivered dimensions only through file inspection
twitter,19,twitter/HRylCdibcAA9W_J.jpg,1006,1006,,,,,canonical CSV records delivered dimensions only through file inspection
twitter,20,twitter/HRyk-LtagAAZCMA.jpg,1006,1006,,,,,canonical CSV records delivered dimensions only through file inspection
twitter,21,twitter/HRyk6A2aQAAzJQp.jpg,1006,1006,,,,,canonical CSV records delivered dimensions only through file inspection
twitter,22,twitter/HRyk2Q2boAAFFCO.jpg,1080,1080,,,,,canonical CSV records delivered dimensions only through file inspection
twitter,23,twitter/HRykxOyb0AEstCP.jpg,1080,1080,,,,,canonical CSV records delivered dimensions only through file inspection
twitter,24,twitter/HRykte4aoAAv5UR.jpg,1080,1080,,,,,canonical CSV records delivered dimensions only through file inspection
twitter,25,twitter/HRykn97bYAAVYB_.jpg,1080,1080,,,,,canonical CSV records delivered dimensions only through file inspection
twitter,26,twitter/HRykho2bMAAaVnf.jpg,1080,1080,,,,,canonical CSV records delivered dimensions only through file inspection
twitter,27,twitter/HRykdMwbsAADemL.jpg,1080,1080,,,,,canonical CSV records delivered dimensions only through file inspection
twitter,28,twitter/HRykXLlbsAER4vp.jpg,939,939,,,,,canonical CSV records delivered dimensions only through file inspection
twitter,29,twitter/HRykSWIbQAAnPl6.jpg,939,939,,,,,canonical CSV records delivered dimensions only through file inspection
twitter,30,twitter/HRykJseaYAAhC1k.jpg,939,939,,,,,canonical CSV records delivered dimensions only through file inspection
twitter,31,twitter/HRyj83wa8AAd4fH.jpg,1079,1079,,,,,canonical CSV records delivered dimensions only through file inspection
twitter,32,twitter/HRyj4C_awAAMb2z.jpg,1079,1079,,,,,canonical CSV records delivered dimensions only through file inspection
twitter,33,twitter/HRyjyJUbcAAFOYt.jpg,1079,1079,,,,,canonical CSV records delivered dimensions only through file inspection
twitter,34,twitter/HRyjrNgaYAEwU5A.jpg,1966,1105,,,,,canonical CSV records delivered dimensions only through file inspection
twitter,35,twitter/HRyjmjnbEAAqWZx.jpg,3840,2160,,,,,canonical CSV records delivered dimensions only through file inspection
twitter,36,twitter/HRyjiGaaoAARPrh.jpg,3840,2160,,,,,canonical CSV records delivered dimensions only through file inspection
twitter,37,twitter/HRyjbKyaEAAp0Gm.jpg,1001,1001,,,,,canonical CSV records delivered dimensions only through file inspection
twitter,38,twitter/HRyjWhRa0AAEWfi.jpg,1001,1001,,,,,canonical CSV records delivered dimensions only through file inspection
twitter,39,twitter/HRyjR5na0AAXdJM.jpg,1001,1001,,,,,canonical CSV records delivered dimensions only through file inspection
twitter,40,twitter/HRyjM21aIAAZlgF.jpg,512,512,,,,,canonical CSV records delivered dimensions only through file inspection
twitter,41,twitter/HRyjI2daoAAByvx.jpg,512,512,,,,,canonical CSV records delivered dimensions only through file inspection
twitter,42,twitter/HRyjFsMaQAA0s1F.jpg,512,512,,,,,canonical CSV records delivered dimensions only through file inspection
twitter,43,twitter/HRyjA3vb0AAGSF9.jpg,864,864,,,,,canonical CSV records delivered dimensions only through file inspection
twitter,44,twitter/HRyi83kaEAE3XxP.jpg,864,864,,,,,canonical CSV records delivered dimensions only through file inspection
twitter,45,twitter/HRyi4hZb0AEz4ME.jpg,864,864,,,,,canonical CSV records delivered dimensions only through file inspection
instagram,1,instagram/811405291_17971878552136343_8081434845715214004_n.jpg,512,512,,,,,canonical CSV records delivered dimensions only through file inspection
instagram,2,instagram/811203264_17971878456136343_4615038481509844492_n.jpg,512,512,,,,,canonical CSV records delivered dimensions only through file inspection
instagram,3,instagram/811170298_17971878429136343_5168258122696570803_n.jpg,512,512,,,,,canonical CSV records delivered dimensions only through file inspection
instagram,4,instagram/811266987_17971878399136343_4656465642536628973_n.jpg,990,990,,,,,canonical CSV records delivered dimensions only through file inspection
instagram,5,instagram/811266962_17971878342136343_1193006750027364308_n.jpg,990,990,,,,,canonical CSV records delivered dimensions only through file inspection
instagram,6,instagram/811962599_17971878318136343_6113997639241217410_n.jpg,990,990,,,,,canonical CSV records delivered dimensions only through file inspection
instagram,7,instagram/811501532_17971878120136343_2566680133977745949_n.jpg,512,512,,,,,canonical CSV records delivered dimensions only through file inspection
instagram,8,instagram/811437732_17971878096136343_8080988162605782948_n.jpg,512,512,,,,,canonical CSV records delivered dimensions only through file inspection
instagram,9,instagram/811664961_17971877871136343_398803565071499187_n.jpg,512,512,,,,,canonical CSV records delivered dimensions only through file inspection
instagram,10,instagram/811303984_17971877847136343_4946005802782168322_n.jpg,512,512,,,,,canonical CSV records delivered dimensions only through file inspection
instagram,11,instagram/811170286_17971877829136343_1846786985064614617_n.jpg,512,512,,,,,canonical CSV records delivered dimensions only through file inspection
instagram,12,instagram/811170453_17971877796136343_5572003323320179554_n.jpg,512,512,,,,,canonical CSV records delivered dimensions only through file inspection
instagram,13,instagram/811501521_17971877772136343_7092683927237594738_n.jpg,935,935,,,,,canonical CSV records delivered dimensions only through file inspection
instagram,14,instagram/811102753_17971877658136343_2656203500795816714_n.jpg,935,935,,,,,canonical CSV records delivered dimensions only through file inspection
instagram,15,instagram/811267004_17971877613136343_4518931020048857900_n.jpg,935,935,,,,,canonical CSV records delivered dimensions only through file inspection
instagram,16,instagram/811340307_17971877589136343_6103100989257750592_n.jpg,1152,1152,,,,,canonical CSV records delivered dimensions only through file inspection
instagram,17,instagram/811266958_17971877553136343_4738833091577311965_n.jpg,1152,1152,,,,,canonical CSV records delivered dimensions only through file inspection
instagram,18,instagram/811102740_17971877529136343_199371246325947915_n.jpg,1152,1152,,,,,canonical CSV records delivered dimensions only through file inspection
instagram,19,instagram/811102753_17971877412136343_8011346922216857633_n.jpg,1006,1006,,,,,canonical CSV records delivered dimensions only through file inspection
instagram,20,instagram/811340471_17971877193136343_8750889932720319695_n.jpg,1006,1006,,,,,canonical CSV records delivered dimensions only through file inspection
instagram,21,instagram/811616517_17971877142136343_6561392150720658485_n.jpg,1006,1006,,,,,canonical CSV records delivered dimensions only through file inspection
instagram,22,instagram/811665111_17971877109136343_617514327109002088_n.jpg,1080,1080,,,,,canonical CSV records delivered dimensions only through file inspection
instagram,23,instagram/811304002_17971877082136343_2403569227400705302_n.jpg,1080,1080,,,,,canonical CSV records delivered dimensions only through file inspection
instagram,24,instagram/811340297_17971877022136343_584819800398418529_n.jpg,1080,1080,,,,,canonical CSV records delivered dimensions only through file inspection
instagram,25,instagram/811437746_17971876992136343_1105991665419815235_n.jpg,1080,1080,,,,,canonical CSV records delivered dimensions only through file inspection
instagram,26,instagram/811501500_17971876950136343_5385686350223307039_n.jpg,1080,1080,,,,,canonical CSV records delivered dimensions only through file inspection
instagram,27,instagram/811373870_17971876893136343_8189559168272056106_n.jpg,1080,1080,,,,,canonical CSV records delivered dimensions only through file inspection
instagram,28,instagram/811236192_17971876857136343_3750366517038332847_n.jpg,939,939,,,,,canonical CSV records delivered dimensions only through file inspection
instagram,29,instagram/811373961_17971876641136343_4313442639542815294_n.jpg,939,939,,,,,canonical CSV records delivered dimensions only through file inspection
instagram,30,instagram/811267001_17971876587136343_9219845889656186332_n.jpg,939,939,,,,,canonical CSV records delivered dimensions only through file inspection
instagram,31,instagram/811267012_17971876443136343_462910271305259259_n.jpg,1079,1079,,,,,canonical CSV records delivered dimensions only through file inspection
instagram,32,instagram/811864883_17971876419136343_1686591295595168853_n.jpg,1079,1079,,,,,canonical CSV records delivered dimensions only through file inspection
instagram,33,instagram/811616662_17971876392136343_290738271581215084_n.jpg,1079,1079,,,,,canonical CSV records delivered dimensions only through file inspection
instagram,34,instagram/811437656_17971876350136343_5002703847015175211_n.jpg,2160,2160,,,,,canonical CSV records delivered dimensions only through file inspection
instagram,35,instagram/811266999_17971876179136343_5933032144926883087_n.jpg,2160,2160,,,,,canonical CSV records delivered dimensions only through file inspection
instagram,36,instagram/811266984_17971876122136343_2361932684754194891_n.jpg,2160,2160,,,,,canonical CSV records delivered dimensions only through file inspection
instagram,37,instagram/811203228_17971876053136343_2224135332122719202_n.jpg,1001,1001,,,,,canonical CSV records delivered dimensions only through file inspection
instagram,38,instagram/811266957_17971876017136343_6368180465918423643_n.jpg,1001,1001,,,,,canonical CSV records delivered dimensions only through file inspection
instagram,39,instagram/811711054_17971875978136343_8502147139606074807_n.jpg,1001,1001,,,,,canonical CSV records delivered dimensions only through file inspection
instagram,40,instagram/811616511_17971875648136343_5024665215446974597_n.jpg,512,512,,,,,canonical CSV records delivered dimensions only through file inspection
instagram,41,instagram/811373918_17971875354136343_6687492423437490362_n.jpg,512,512,,,,,canonical CSV records delivered dimensions only through file inspection
instagram,42,instagram/811616521_17971875294136343_5896452003808531812_n.jpg,512,512,,,,,canonical CSV records delivered dimensions only through file inspection
instagram,43,instagram/811616660_17971874838136343_2120345678897765774_n.jpg,864,864,,,,,canonical CSV records delivered dimensions only through file inspection
instagram,44,instagram/811137843_17971874781136343_8122804405801691741_n.jpg,864,864,,,,,canonical CSV records delivered dimensions only through file inspection
instagram,45,instagram/811830386_17971874754136343_7108310294687396674_n.jpg,864,864,,,,,canonical CSV records delivered dimensions only through file inspection
