platform,source_file,delivered_file,trial,cover_name,canonical_success,canonical_ber,failure_reason,source_width,source_height,delivered_width,delivered_height,width_ratio,height_ratio,thumbnail_match_mse,match_cost_percentile,stego_to_delivered_psnr,stego_to_delivered_ssim,cover_to_delivered_psnr,cover_to_delivered_ssim
instagram,instagram_01_10.jpg,811830386_17971874754136343_7108310294687396674_n.jpg,45,,False,1.00000000,fixed_grid_extraction_failed,864,864,864,864,1.0,1.0,1.5129508593560883e-06,0.8888888888888888,39.48779341637879,0.9701328725222368,,
instagram,instagram_arsenal_100.jpg,811137843_17971874781136343_8122804405801691741_n.jpg,44,,False,1.00000000,fixed_grid_extraction_failed,864,864,864,864,1.0,1.0,1.7532430546655846e-06,0.9111111111111111,39.47755902281044,0.9701389903611979,,
instagram,instagram_arsenal_1889.jpg,811616660_17971874838136343_2120345678897765774_n.jpg,43,,False,1.00000000,fixed_grid_extraction_failed,864,864,864,864,1.0,1.0,1.8511398749768585e-06,0.9333333333333333,39.406536549679494,0.9753779136656249,,
instagram,instagram_audiophile_10.jpg,811616521_17971875294136343_5896452003808531812_n.jpg,42,,False,1.00000000,fixed_grid_extraction_failed,512,512,512,512,1.0,1.0,0.0,0.8666666666666667,inf,1.0,,
instagram,instagram_audiophile_100.jpg,811373918_17971875354136343_6687492423437490362_n.jpg,41,,False,1.00000000,fixed_grid_extraction_failed,512,512,512,512,1.0,1.0,0.0,0.8666666666666667,inf,1.0,,
instagram,instagram_audiophile_641.jpg,811616511_17971875648136343_5024665215446974597_n.jpg,40,,False,1.00000000,fixed_grid_extraction_failed,512,512,512,512,1.0,1.0,0.0,0.8666666666666667,inf,1.0,,
instagram,instagram_beach_10.jpg,811711054_17971875978136343_8502147139606074807_n.jpg,39,,False,1.00000000,fixed_grid_extraction_failed,1001,1001,1001,1001,1.0,1.0,0.0,0.8666666666666667,inf,1.0,,
instagram,instagram_beach_100.jpg,811266957_17971876017136343_6368180465918423643_n.jpg,38,,False,1.00000000,fixed_grid_extraction_failed,1001,1001,1001,1001,1.0,1.0,0.0,0.8666666666666667,inf,1.0,,
instagram,instagram_beach_2593.jpg,811203228_17971876053136343_2224135332122719202_n.jpg,37,,False,1.00000000,fixed_grid_extraction_failed,1001,1001,1001,1001,1.0,1.0,0.0,0.8666666666666667,inf,1.0,,
instagram,instagram_corsair_collection_10.jpg,811266984_17971876122136343_2361932684754194891_n.jpg,36,,False,1.00000000,fixed_grid_extraction_failed,3840,2160,2160,2160,0.5625,1.0,0.006184186637618011,1.0,13.75242545133016,0.3308452731737032,,
instagram,instagram_corsair_collection_100.jpg,811266999_17971876179136343_5933032144926883087_n.jpg,35,,False,1.00000000,fixed_grid_extraction_failed,3840,2160,2160,2160,0.5625,1.0,0.006165630740313555,0.9777777777777777,13.712029192761202,0.32896793948005765,,
instagram,instagram_corsair_collection_21569.jpg,811437656_17971876350136343_5002703847015175211_n.jpg,34,,False,1.00000000,fixed_grid_extraction_failed,3840,2160,2160,2160,0.5625,1.0,0.002963763936947328,0.9555555555555556,7.9026948389991,0.030638298070182462,,
instagram,instagram_deep_space_10.jpg,811616662_17971876392136343_290738271581215084_n.jpg,33,,False,1.00000000,fixed_grid_extraction_failed,1079,1079,1079,1079,1.0,1.0,0.0,0.8666666666666667,inf,1.0,,
instagram,instagram_deep_space_100.jpg,811864883_17971876419136343_1686591295595168853_n.jpg,32,,False,1.00000000,fixed_grid_extraction_failed,1079,1079,1079,1079,1.0,1.0,0.0,0.8666666666666667,inf,1.0,,
instagram,instagram_deep_space_2977.jpg,811267012_17971876443136343_462910271305259259_n.jpg,31,,False,1.00000000,fixed_grid_extraction_failed,1079,1079,1079,1079,1.0,1.0,0.0,0.8666666666666667,inf,1.0,,
instagram,instagram_demon_core_10.jpg,811267001_17971876587136343_9219845889656186332_n.jpg,30,,False,1.00000000,fixed_grid_extraction_failed,939,939,939,939,1.0,1.0,0.0,0.8666666666666667,inf,1.0,,
instagram,instagram_demon_core_100.jpg,811373961_17971876641136343_4313442639542815294_n.jpg,29,,False,1.00000000,fixed_grid_extraction_failed,939,939,939,939,1.0,1.0,0.0,0.8666666666666667,inf,1.0,,
instagram,instagram_demon_core_2273.jpg,811236192_17971876857136343_3750366517038332847_n.jpg,28,,False,1.00000000,fixed_grid_extraction_failed,939,939,939,939,1.0,1.0,0.0,0.8666666666666667,inf,1.0,,
instagram,instagram_dna_fragment_10.jpg,811373870_17971876893136343_8189559168272056106_n.jpg,27,,False,1.00000000,fixed_grid_extraction_failed,1080,1080,1080,1080,1.0,1.0,0.0,0.8666666666666667,inf,1.0,,
instagram,instagram_dna_fragment_100.jpg,811501500_17971876950136343_5385686350223307039_n.jpg,26,,False,1.00000000,fixed_grid_extraction_failed,1080,1080,1080,1080,1.0,1.0,0.0,0.8666666666666667,inf,1.0,,
instagram,instagram_dna_fragment_2977.jpg,811437746_17971876992136343_1105991665419815235_n.jpg,25,,False,1.00000000,fixed_grid_extraction_failed,1080,1080,1080,1080,1.0,1.0,0.0,0.8666666666666667,inf,1.0,,
instagram,instagram_eagleflag_10.jpg,811340297_17971877022136343_584819800398418529_n.jpg,24,,False,1.00000000,fixed_grid_extraction_failed,1080,1080,1080,1080,1.0,1.0,0.0,0.8666666666666667,inf,1.0,,
instagram,instagram_eagleflag_100.jpg,811304002_17971877082136343_2403569227400705302_n.jpg,23,,False,1.00000000,fixed_grid_extraction_failed,1080,1080,1080,1080,1.0,1.0,0.0,0.8666666666666667,inf,1.0,,
instagram,instagram_eagleflag_2977.jpg,811665111_17971877109136343_617514327109002088_n.jpg,22,,False,1.00000000,fixed_grid_extraction_failed,1080,1080,1080,1080,1.0,1.0,0.0,0.8666666666666667,inf,1.0,,
instagram,instagram_fantasticcar_10.jpg,811616517_17971877142136343_6561392150720658485_n.jpg,21,,False,1.00000000,fixed_grid_extraction_failed,1006,1006,1006,1006,1.0,1.0,0.0,0.8666666666666667,inf,1.0,,
instagram,instagram_fantasticcar_100.jpg,811340471_17971877193136343_8750889932720319695_n.jpg,20,,False,1.00000000,fixed_grid_extraction_failed,1006,1006,1006,1006,1.0,1.0,0.0,0.8666666666666667,inf,1.0,,
instagram,instagram_fantasticcar_2593.jpg,811102753_17971877412136343_8011346922216857633_n.jpg,19,,False,1.00000000,fixed_grid_extraction_failed,1006,1006,1006,1006,1.0,1.0,0.0,0.8666666666666667,inf,1.0,,
instagram,instagram_neon_sunset_10.jpg,811102740_17971877529136343_199371246325947915_n.jpg,18,,False,1.00000000,fixed_grid_extraction_failed,1152,1152,1152,1152,1.0,1.0,0.0,0.8666666666666667,inf,1.0,,
instagram,instagram_neon_sunset_100.jpg,811266958_17971877553136343_4738833091577311965_n.jpg,17,,False,1.00000000,fixed_grid_extraction_failed,1152,1152,1152,1152,1.0,1.0,0.0,0.8666666666666667,inf,1.0,,
instagram,instagram_neon_sunset_3425.jpg,811340307_17971877589136343_6103100989257750592_n.jpg,16,,False,1.00000000,fixed_grid_extraction_failed,1152,1152,1152,1152,1.0,1.0,0.0,0.8666666666666667,inf,1.0,,
instagram,instagram_retro_10.jpg,811102753_17971877658136343_2656203500795816714_n.jpg,14,,False,1.00000000,fixed_grid_extraction_failed,935,935,935,935,1.0,1.0,0.0,0.8666666666666667,47.063065833684504,0.9920143695561862,,
instagram,instagram_retro_100.jpg,811267004_17971877613136343_4518931020048857900_n.jpg,15,,False,1.00000000,fixed_grid_extraction_failed,935,935,935,935,1.0,1.0,0.0,0.8666666666666667,47.063065833684504,0.9920143695561862,,
instagram,instagram_retro_2241.jpg,811501521_17971877772136343_7092683927237594738_n.jpg,13,,False,1.00000000,fixed_grid_extraction_failed,935,935,935,935,1.0,1.0,0.0,0.8666666666666667,inf,1.0,,
instagram,instagram_ricepod_10.jpg,811170453_17971877796136343_5572003323320179554_n.jpg,12,,False,1.00000000,fixed_grid_extraction_failed,512,512,512,512,1.0,1.0,0.0,0.8666666666666667,inf,1.0,,
instagram,instagram_ricepod_100.jpg,811170286_17971877829136343_1846786985064614617_n.jpg,11,,False,1.00000000,fixed_grid_extraction_failed,512,512,512,512,1.0,1.0,0.0,0.8666666666666667,inf,1.0,,
instagram,instagram_ricepod_641.jpg,811303984_17971877847136343_4946005802782168322_n.jpg,10,,False,1.00000000,fixed_grid_extraction_failed,512,512,512,512,1.0,1.0,0.0,0.8666666666666667,inf,1.0,,
instagram,instagram_sheep_10.jpg,811664961_17971877871136343_398803565071499187_n.jpg,9,,False,1.00000000,fixed_grid_extraction_failed,512,512,512,512,1.0,1.0,0.0,0.8666666666666667,inf,1.0,,
instagram,instagram_sheep_100.jpg,811437732_17971878096136343_8080988162605782948_n.jpg,8,,False,1.00000000,fixed_grid_extraction_failed,512,512,512,512,1.0,1.0,0.0,0.8666666666666667,inf,1.0,,
instagram,instagram_sheep_641.jpg,811501532_17971878120136343_2566680133977745949_n.jpg,7,,False,1.00000000,fixed_grid_extraction_failed,512,512,512,512,1.0,1.0,0.0,0.8666666666666667,inf,1.0,,
instagram,instagram_shimmering_particles_10.jpg,811962599_17971878318136343_6113997639241217410_n.jpg,6,,False,1.00000000,fixed_grid_extraction_failed,990,990,990,990,1.0,1.0,0.0,0.8666666666666667,inf,1.0,,
instagram,instagram_shimmering_particles_100.jpg,811266962_17971878342136343_1193006750027364308_n.jpg,5,,False,1.00000000,fixed_grid_extraction_failed,990,990,990,990,1.0,1.0,0.0,0.8666666666666667,inf,1.0,,
instagram,instagram_shimmering_particles_2529.jpg,811266987_17971878399136343_4656465642536628973_n.jpg,4,,False,1.00000000,fixed_grid_extraction_failed,990,990,990,990,1.0,1.0,0.0,0.8666666666666667,inf,1.0,,
instagram,instagram_techno_10.jpg,811170298_17971878429136343_5168258122696570803_n.jpg,3,,False,1.00000000,fixed_grid_extraction_failed,512,512,512,512,1.0,1.0,0.0,0.8666666666666667,inf,1.0,,
instagram,instagram_techno_100.jpg,811203264_17971878456136343_4615038481509844492_n.jpg,2,,False,1.00000000,fixed_grid_extraction_failed,512,512,512,512,1.0,1.0,0.0,0.8666666666666667,inf,1.0,,
instagram,instagram_techno_641.jpg,811405291_17971878552136343_8081434845715214004_n.jpg,1,,False,1.00000000,fixed_grid_extraction_failed,512,512,512,512,1.0,1.0,0.0,0.8666666666666667,inf,1.0,,
twitter,instagram_01_10.jpg,HRyi4hZb0AEz4ME.jpg,45,,False,1.00000000,fixed_grid_extraction_failed,864,864,864,864,1.0,1.0,2.0647329374741905e-06,0.9333333333333333,37.40214841065932,0.9573996949609181,,
twitter,instagram_arsenal_100.jpg,HRyi83kaEAE3XxP.jpg,44,,False,1.00000000,fixed_grid_extraction_failed,864,864,864,864,1.0,1.0,2.216028023409799e-06,0.9555555555555556,37.39609189766037,0.9576577543681136,,
twitter,instagram_arsenal_1889.jpg,HRyjA3vb0AAGSF9.jpg,43,,False,1.00000000,fixed_grid_extraction_failed,864,864,864,864,1.0,1.0,2.2694262890341306e-06,0.9777777777777777,37.344533527036596,0.964859513954098,,
twitter,instagram_audiophile_10.jpg,HRyjFsMaQAA0s1F.jpg,42,,False,1.00000000,fixed_grid_extraction_failed,512,512,512,512,1.0,1.0,0.0,0.9111111111111111,inf,1.0,,
twitter,instagram_audiophile_100.jpg,HRyjI2daoAAByvx.jpg,41,,False,1.00000000,fixed_grid_extraction_failed,512,512,512,512,1.0,1.0,0.0,0.9111111111111111,inf,1.0,,
twitter,instagram_audiophile_641.jpg,HRyjM21aIAAZlgF.jpg,40,,False,1.00000000,fixed_grid_extraction_failed,512,512,512,512,1.0,1.0,0.0,0.9111111111111111,inf,1.0,,
twitter,instagram_beach_10.jpg,HRyjR5na0AAXdJM.jpg,39,,False,1.00000000,fixed_grid_extraction_failed,1001,1001,1001,1001,1.0,1.0,0.0,0.9111111111111111,inf,1.0,,
twitter,instagram_beach_100.jpg,HRyjWhRa0AAEWfi.jpg,38,,False,1.00000000,fixed_grid_extraction_failed,1001,1001,1001,1001,1.0,1.0,0.0,0.9111111111111111,inf,1.0,,
twitter,instagram_beach_2593.jpg,HRyjbKyaEAAp0Gm.jpg,37,,False,1.00000000,fixed_grid_extraction_failed,1001,1001,1001,1001,1.0,1.0,0.0,0.9111111111111111,inf,1.0,,
twitter,instagram_corsair_collection_10.jpg,HRyjiGaaoAARPrh.jpg,36,,False,1.00000000,fixed_grid_extraction_failed,3840,2160,3840,2160,1.0,1.0,0.0,0.9111111111111111,inf,1.0,,
twitter,instagram_corsair_collection_100.jpg,HRyjmjnbEAAqWZx.jpg,35,,False,1.00000000,fixed_grid_extraction_failed,3840,2160,3840,2160,1.0,1.0,0.0,0.9111111111111111,inf,1.0,,
twitter,instagram_corsair_collection_21569.jpg,HRyjrNgaYAEwU5A.jpg,34,,False,1.00000000,fixed_grid_extraction_failed,3840,2160,1966,1105,0.5119791666666667,0.5115740740740741,4.859242171814262e-06,1.0,19.999666606576042,0.8909545116926384,,
twitter,instagram_deep_space_10.jpg,HRyjyJUbcAAFOYt.jpg,33,,False,1.00000000,fixed_grid_extraction_failed,1079,1079,1079,1079,1.0,1.0,0.0,0.9111111111111111,inf,1.0,,
twitter,instagram_deep_space_100.jpg,HRyj4C_awAAMb2z.jpg,32,,False,1.00000000,fixed_grid_extraction_failed,1079,1079,1079,1079,1.0,1.0,0.0,0.9111111111111111,inf,1.0,,
twitter,instagram_deep_space_2977.jpg,HRyj83wa8AAd4fH.jpg,31,,False,1.00000000,fixed_grid_extraction_failed,1079,1079,1079,1079,1.0,1.0,0.0,0.9111111111111111,inf,1.0,,
twitter,instagram_demon_core_10.jpg,HRykJseaYAAhC1k.jpg,30,,False,1.00000000,fixed_grid_extraction_failed,939,939,939,939,1.0,1.0,0.0,0.9111111111111111,inf,1.0,,
twitter,instagram_demon_core_100.jpg,HRykSWIbQAAnPl6.jpg,29,,False,1.00000000,fixed_grid_extraction_failed,939,939,939,939,1.0,1.0,0.0,0.9111111111111111,inf,1.0,,
twitter,instagram_demon_core_2273.jpg,HRykXLlbsAER4vp.jpg,28,,False,1.00000000,fixed_grid_extraction_failed,939,939,939,939,1.0,1.0,0.0,0.9111111111111111,inf,1.0,,
twitter,instagram_dna_fragment_10.jpg,HRykdMwbsAADemL.jpg,27,,False,1.00000000,fixed_grid_extraction_failed,1080,1080,1080,1080,1.0,1.0,0.0,0.9111111111111111,inf,1.0,,
twitter,instagram_dna_fragment_100.jpg,HRykho2bMAAaVnf.jpg,26,,False,1.00000000,fixed_grid_extraction_failed,1080,1080,1080,1080,1.0,1.0,0.0,0.9111111111111111,inf,1.0,,
twitter,instagram_dna_fragment_2977.jpg,HRykn97bYAAVYB_.jpg,25,,False,1.00000000,fixed_grid_extraction_failed,1080,1080,1080,1080,1.0,1.0,0.0,0.9111111111111111,inf,1.0,,
twitter,instagram_eagleflag_10.jpg,HRykte4aoAAv5UR.jpg,24,,False,1.00000000,fixed_grid_extraction_failed,1080,1080,1080,1080,1.0,1.0,0.0,0.9111111111111111,inf,1.0,,
twitter,instagram_eagleflag_100.jpg,HRykxOyb0AEstCP.jpg,23,,False,1.00000000,fixed_grid_extraction_failed,1080,1080,1080,1080,1.0,1.0,0.0,0.9111111111111111,inf,1.0,,
twitter,instagram_eagleflag_2977.jpg,HRyk2Q2boAAFFCO.jpg,22,,False,1.00000000,fixed_grid_extraction_failed,1080,1080,1080,1080,1.0,1.0,0.0,0.9111111111111111,inf,1.0,,
twitter,instagram_fantasticcar_10.jpg,HRyk6A2aQAAzJQp.jpg,21,,False,1.00000000,fixed_grid_extraction_failed,1006,1006,1006,1006,1.0,1.0,0.0,0.9111111111111111,inf,1.0,,
twitter,instagram_fantasticcar_100.jpg,HRyk-LtagAAZCMA.jpg,20,,False,1.00000000,fixed_grid_extraction_failed,1006,1006,1006,1006,1.0,1.0,0.0,0.9111111111111111,inf,1.0,,
twitter,instagram_fantasticcar_2593.jpg,HRylCdibcAA9W_J.jpg,19,,False,1.00000000,fixed_grid_extraction_failed,1006,1006,1006,1006,1.0,1.0,0.0,0.9111111111111111,inf,1.0,,
twitter,instagram_neon_sunset_10.jpg,HRylGOwbkAAvy93.jpg,18,,False,1.00000000,fixed_grid_extraction_failed,1152,1152,1152,1152,1.0,1.0,0.0,0.9111111111111111,inf,1.0,,
twitter,instagram_neon_sunset_100.jpg,HRylLOKaQAAkk03.jpg,17,,False,1.00000000,fixed_grid_extraction_failed,1152,1152,1152,1152,1.0,1.0,0.0,0.9111111111111111,inf,1.0,,
twitter,instagram_neon_sunset_3425.jpg,HRylP1YbAAAE2jT.jpg,16,,False,1.00000000,fixed_grid_extraction_failed,1152,1152,1152,1152,1.0,1.0,0.0,0.9111111111111111,inf,1.0,,
twitter,instagram_retro_10.jpg,HRylTDib0AAm6KV.jpg,15,,False,1.00000000,fixed_grid_extraction_failed,935,935,935,935,1.0,1.0,0.0,0.9111111111111111,inf,1.0,,
twitter,instagram_retro_100.jpg,HRylVybbkAAVHXB.jpg,14,,False,1.00000000,fixed_grid_extraction_failed,935,935,935,935,1.0,1.0,0.0,0.9111111111111111,inf,1.0,,
twitter,instagram_retro_2241.jpg,HRylY0kb0AAC52B.jpg,13,,False,1.00000000,fixed_grid_extraction_failed,935,935,935,935,1.0,1.0,0.0,0.9111111111111111,inf,1.0,,
twitter,instagram_ricepod_10.jpg,HRylc2EbcAA9Q0z.jpg,12,,False,1.00000000,fixed_grid_extraction_failed,512,512,512,512,1.0,1.0,0.0,0.9111111111111111,inf,1.0,,
twitter,instagram_ricepod_100.jpg,HRylf3abQAAT9Jd.jpg,11,,False,1.00000000,fixed_grid_extraction_failed,512,512,512,512,1.0,1.0,0.0,0.9111111111111111,inf,1.0,,
twitter,instagram_ricepod_641.jpg,HRylisNaAAAyHoe.jpg,10,,False,1.00000000,fixed_grid_extraction_failed,512,512,512,512,1.0,1.0,0.0,0.9111111111111111,inf,1.0,,
twitter,instagram_sheep_10.jpg,HRylsAYasAEcpNc.jpg,9,,False,1.00000000,fixed_grid_extraction_failed,512,512,512,512,1.0,1.0,0.0,0.9111111111111111,inf,1.0,,
twitter,instagram_sheep_100.jpg,HRylunLa8AA611-.jpg,8,,False,1.00000000,fixed_grid_extraction_failed,512,512,512,512,1.0,1.0,0.0,0.9111111111111111,inf,1.0,,
twitter,instagram_sheep_641.jpg,HRylxBCb0AANl_F.jpg,7,,False,1.00000000,fixed_grid_extraction_failed,512,512,512,512,1.0,1.0,0.0,0.9111111111111111,inf,1.0,,
twitter,instagram_shimmering_particles_10.jpg,HRyl1qZbkAA7pcX.jpg,6,,False,1.00000000,fixed_grid_extraction_failed,990,990,990,990,1.0,1.0,0.0,0.9111111111111111,inf,1.0,,
twitter,instagram_shimmering_particles_100.jpg,HRyl6IqbEAE6jBj.jpg,5,,False,1.00000000,fixed_grid_extraction_failed,990,990,990,990,1.0,1.0,0.0,0.9111111111111111,inf,1.0,,
twitter,instagram_shimmering_particles_2529.jpg,HRyl-QxbEAAuHpQ.jpg,4,,False,1.00000000,fixed_grid_extraction_failed,990,990,990,990,1.0,1.0,0.0,0.9111111111111111,inf,1.0,,
twitter,instagram_techno_10.jpg,HRymB1FaAAENk0q.jpg,3,,False,1.00000000,fixed_grid_extraction_failed,512,512,512,512,1.0,1.0,0.0,0.9111111111111111,inf,1.0,,
twitter,instagram_techno_100.jpg,HRymELHaYAAAiqj.jpg,2,,False,1.00000000,fixed_grid_extraction_failed,512,512,512,512,1.0,1.0,0.0,0.9111111111111111,inf,1.0,,
twitter,instagram_techno_641.jpg,HRymGska4AAc_Xn.jpg,1,,False,1.00000000,fixed_grid_extraction_failed,512,512,512,512,1.0,1.0,0.0,0.9111111111111111,inf,1.0,,
