run,cover,payload_bits,pair_indices,cover_feature,stego_feature,cover_predicted_stego,stego_predicted_stego,sample
phase1_results,arsenal/preview.jpg,512,"0,1,2,3",6.088798868312757,6.342035322359396,1,1,cover
phase1_results,arsenal/preview.jpg,512,"0,1,2,3",6.088798868312757,6.342035322359396,1,1,stego
phase1_results,audiophile/preview.jpg,512,"0,1,2,3",0.35577392578125,1.101806640625,0,0,cover
phase1_results,audiophile/preview.jpg,512,"0,1,2,3",0.35577392578125,1.101806640625,0,0,stego
phase1_results,beach/preview.jpg,512,"0,1,2,3",1.0853174603174602,1.273337112622827,0,0,cover
phase1_results,beach/preview.jpg,512,"0,1,2,3",1.0853174603174602,1.273337112622827,0,0,stego
phase1_results,corsair_collection/dotted.fabeb454b273c6d2398a.jpg,512,"0,1,2,3",0.08609567901234567,0.10979938271604939,0,0,cover
phase1_results,corsair_collection/dotted.fabeb454b273c6d2398a.jpg,512,"0,1,2,3",0.08609567901234567,0.10979938271604939,0,0,stego
phase1_results,deep_space/preview.jpg,512,"0,1,2,3",0.5439917695473251,0.7096433470507545,0,0,cover
phase1_results,deep_space/preview.jpg,512,"0,1,2,3",0.5439917695473251,0.7096433470507545,0,0,stego
phase1_results,demon_core/preview.jpg,512,"0,1,2,3",0.30521042803792015,0.5255135018672795,0,0,cover
phase1_results,demon_core/preview.jpg,512,"0,1,2,3",0.30521042803792015,0.5255135018672795,0,0,stego
phase1_results,dna_fragment/preview.jpg,512,"0,1,2,3",2.556694101508916,2.688175582990398,1,1,cover
phase1_results,dna_fragment/preview.jpg,512,"0,1,2,3",2.556694101508916,2.688175582990398,1,1,stego
phase1_results,eagleflag/preview.jpg,512,"0,1,2,3",1.328161865569273,1.4921810699588478,0,0,cover
phase1_results,eagleflag/preview.jpg,512,"0,1,2,3",1.328161865569273,1.4921810699588478,0,0,stego
phase1_results,fantasticcar/preview.jpg,512,"0,1,2,3",2.244189342403628,2.437531494079113,1,1,cover
phase1_results,fantasticcar/preview.jpg,512,"0,1,2,3",2.244189342403628,2.437531494079113,1,1,stego
phase1_results,neon_sunset/preview.jpg,512,"0,1,2,3",3.1376832561728394,3.277319637345679,1,1,cover
phase1_results,neon_sunset/preview.jpg,512,"0,1,2,3",3.1376832561728394,3.277319637345679,1,1,stego
phase1_results,retro/preview.jpg,512,"0,1,2,3",2.3960296588501717,2.593998831178318,1,1,cover
phase1_results,retro/preview.jpg,512,"0,1,2,3",2.3960296588501717,2.593998831178318,1,1,stego
phase1_results,ricepod/preview.jpg,512,"0,1,2,3",1.43133544921875,2.17779541015625,0,1,cover
phase1_results,ricepod/preview.jpg,512,"0,1,2,3",1.43133544921875,2.17779541015625,0,1,stego
phase1_results,sheep/preview.jpg,512,"0,1,2,3",7.27716064453125,7.8587646484375,1,1,cover
phase1_results,sheep/preview.jpg,512,"0,1,2,3",7.27716064453125,7.8587646484375,1,1,stego
phase1_results,shimmering_particles/preview.jpg,512,"0,1,2,3",0.2935906607700312,0.4909599375650364,0,0,cover
phase1_results,shimmering_particles/preview.jpg,512,"0,1,2,3",0.2935906607700312,0.4909599375650364,0,0,stego
phase1_results,techno/preview.jpg,512,"0,1,2,3",2.27471923828125,3.02459716796875,1,1,cover
phase1_results,techno/preview.jpg,512,"0,1,2,3",2.27471923828125,3.02459716796875,1,1,stego
phase1_results_positions_0_2,arsenal/preview.jpg,256,"0,2",6.634130658436214,6.887645747599452,1,1,cover
phase1_results_positions_0_2,arsenal/preview.jpg,256,"0,2",6.634130658436214,6.887645747599452,1,1,stego
phase1_results_positions_0_2,audiophile/preview.jpg,256,"0,2",0.4407958984375,1.1854248046875,0,0,cover
phase1_results_positions_0_2,audiophile/preview.jpg,256,"0,2",0.4407958984375,1.1854248046875,0,0,stego
phase1_results_positions_0_2,beach/preview.jpg,256,"0,2",1.3465608465608465,1.5313681027966741,0,0,cover
phase1_results_positions_0_2,beach/preview.jpg,256,"0,2",1.3465608465608465,1.5313681027966741,0,0,stego
phase1_results_positions_0_2,corsair_collection/dotted.fabeb454b273c6d2398a.jpg,256,"0,2",0.13884645061728396,0.16255015432098766,0,0,cover
phase1_results_positions_0_2,corsair_collection/dotted.fabeb454b273c6d2398a.jpg,256,"0,2",0.13884645061728396,0.16255015432098766,0,0,stego
phase1_results_positions_0_2,deep_space/preview.jpg,256,"0,2",0.6776954732510289,0.8425788751714678,0,0,cover
phase1_results_positions_0_2,deep_space/preview.jpg,256,"0,2",0.6776954732510289,0.8425788751714678,0,0,stego
phase1_results_positions_0_2,demon_core/preview.jpg,256,"0,2",0.36997270899166906,0.590096236713588,0,0,cover
phase1_results_positions_0_2,demon_core/preview.jpg,256,"0,2",0.36997270899166906,0.590096236713588,0,0,stego
phase1_results_positions_0_2,dna_fragment/preview.jpg,256,"0,2",2.854458161865569,2.9817283950617286,1,1,cover
phase1_results_positions_0_2,dna_fragment/preview.jpg,256,"0,2",2.854458161865569,2.9817283950617286,1,1,stego
phase1_results_positions_0_2,eagleflag/preview.jpg,256,"0,2",1.6409876543209876,1.8038134430727024,0,0,cover
phase1_results_positions_0_2,eagleflag/preview.jpg,256,"0,2",1.6409876543209876,1.8038134430727024,0,0,stego
phase1_results_positions_0_2,fantasticcar/preview.jpg,256,"0,2",2.497543461829176,2.690822625346435,1,1,cover
phase1_results_positions_0_2,fantasticcar/preview.jpg,256,"0,2",2.497543461829176,2.690822625346435,1,1,stego
phase1_results_positions_0_2,neon_sunset/preview.jpg,256,"0,2",3.740113811728395,3.8795331790123457,1,1,cover
phase1_results_positions_0_2,neon_sunset/preview.jpg,256,"0,2",3.740113811728395,3.8795331790123457,1,1,stego
phase1_results_positions_0_2,retro/preview.jpg,256,"0,2",2.7500913141938783,2.9507268609832713,1,1,cover
phase1_results_positions_0_2,retro/preview.jpg,256,"0,2",2.7500913141938783,2.9507268609832713,1,1,stego
phase1_results_positions_0_2,ricepod/preview.jpg,256,"0,2",1.648193359375,2.3956298828125,0,1,cover
phase1_results_positions_0_2,ricepod/preview.jpg,256,"0,2",1.648193359375,2.3956298828125,0,1,stego
phase1_results_positions_0_2,sheep/preview.jpg,256,"0,2",7.9844970703125,8.5565185546875,1,1,cover
phase1_results_positions_0_2,sheep/preview.jpg,256,"0,2",7.9844970703125,8.5565185546875,1,1,stego
phase1_results_positions_0_2,shimmering_particles/preview.jpg,256,"0,2",0.3389047866805411,0.5358675858480749,0,0,cover
phase1_results_positions_0_2,shimmering_particles/preview.jpg,256,"0,2",0.3389047866805411,0.5358675858480749,0,0,stego
phase1_results_positions_0_2,techno/preview.jpg,256,"0,2",2.5965576171875,3.3463134765625,1,1,cover
phase1_results_positions_0_2,techno/preview.jpg,256,"0,2",2.5965576171875,3.3463134765625,1,1,stego
phase1_results_positions_0_2_tie_fixed,arsenal/preview.jpg,256,"0,2",6.634130658436214,6.887645747599452,1,1,cover
phase1_results_positions_0_2_tie_fixed,arsenal/preview.jpg,256,"0,2",6.634130658436214,6.887645747599452,1,1,stego
phase1_results_positions_0_2_tie_fixed,audiophile/preview.jpg,256,"0,2",0.4407958984375,1.1854248046875,0,0,cover
phase1_results_positions_0_2_tie_fixed,audiophile/preview.jpg,256,"0,2",0.4407958984375,1.1854248046875,0,0,stego
phase1_results_positions_0_2_tie_fixed,beach/preview.jpg,256,"0,2",1.3465608465608465,1.5313681027966741,0,0,cover
phase1_results_positions_0_2_tie_fixed,beach/preview.jpg,256,"0,2",1.3465608465608465,1.5313681027966741,0,0,stego
phase1_results_positions_0_2_tie_fixed,corsair_collection/dotted.fabeb454b273c6d2398a.jpg,256,"0,2",0.13884645061728396,0.16255015432098766,0,0,cover
phase1_results_positions_0_2_tie_fixed,corsair_collection/dotted.fabeb454b273c6d2398a.jpg,256,"0,2",0.13884645061728396,0.16255015432098766,0,0,stego
phase1_results_positions_0_2_tie_fixed,deep_space/preview.jpg,256,"0,2",0.6776954732510289,0.8425788751714678,0,0,cover
phase1_results_positions_0_2_tie_fixed,deep_space/preview.jpg,256,"0,2",0.6776954732510289,0.8425788751714678,0,0,stego
phase1_results_positions_0_2_tie_fixed,demon_core/preview.jpg,256,"0,2",0.36997270899166906,0.590096236713588,0,0,cover
phase1_results_positions_0_2_tie_fixed,demon_core/preview.jpg,256,"0,2",0.36997270899166906,0.590096236713588,0,0,stego
phase1_results_positions_0_2_tie_fixed,dna_fragment/preview.jpg,256,"0,2",2.854458161865569,2.9817283950617286,1,1,cover
phase1_results_positions_0_2_tie_fixed,dna_fragment/preview.jpg,256,"0,2",2.854458161865569,2.9817283950617286,1,1,stego
phase1_results_positions_0_2_tie_fixed,eagleflag/preview.jpg,256,"0,2",1.6409876543209876,1.8038134430727024,0,0,cover
phase1_results_positions_0_2_tie_fixed,eagleflag/preview.jpg,256,"0,2",1.6409876543209876,1.8038134430727024,0,0,stego
phase1_results_positions_0_2_tie_fixed,fantasticcar/preview.jpg,256,"0,2",2.497543461829176,2.690822625346435,1,1,cover
phase1_results_positions_0_2_tie_fixed,fantasticcar/preview.jpg,256,"0,2",2.497543461829176,2.690822625346435,1,1,stego
phase1_results_positions_0_2_tie_fixed,neon_sunset/preview.jpg,256,"0,2",3.740113811728395,3.8795331790123457,1,1,cover
phase1_results_positions_0_2_tie_fixed,neon_sunset/preview.jpg,256,"0,2",3.740113811728395,3.8795331790123457,1,1,stego
phase1_results_positions_0_2_tie_fixed,retro/preview.jpg,256,"0,2",2.7500913141938783,2.9507268609832713,1,1,cover
phase1_results_positions_0_2_tie_fixed,retro/preview.jpg,256,"0,2",2.7500913141938783,2.9507268609832713,1,1,stego
phase1_results_positions_0_2_tie_fixed,ricepod/preview.jpg,256,"0,2",1.648193359375,2.3956298828125,0,1,cover
phase1_results_positions_0_2_tie_fixed,ricepod/preview.jpg,256,"0,2",1.648193359375,2.3956298828125,0,1,stego
phase1_results_positions_0_2_tie_fixed,sheep/preview.jpg,256,"0,2",7.9844970703125,8.5565185546875,1,1,cover
phase1_results_positions_0_2_tie_fixed,sheep/preview.jpg,256,"0,2",7.9844970703125,8.5565185546875,1,1,stego
phase1_results_positions_0_2_tie_fixed,shimmering_particles/preview.jpg,256,"0,2",0.3389047866805411,0.5358675858480749,0,0,cover
phase1_results_positions_0_2_tie_fixed,shimmering_particles/preview.jpg,256,"0,2",0.3389047866805411,0.5358675858480749,0,0,stego
phase1_results_positions_0_2_tie_fixed,techno/preview.jpg,256,"0,2",2.5965576171875,3.3463134765625,1,1,cover
phase1_results_positions_0_2_tie_fixed,techno/preview.jpg,256,"0,2",2.5965576171875,3.3463134765625,1,1,stego
phase3_aes_gcm_results_q95,arsenal/preview.jpg,384,"0,2",6.634130658436214,7.015946502057613,1,1,cover
phase3_aes_gcm_results_q95,arsenal/preview.jpg,384,"0,2",6.634130658436214,7.015946502057613,1,1,stego
phase3_aes_gcm_results_q95,audiophile/preview.jpg,384,"0,2",0.4407958984375,1.55908203125,0,0,cover
phase3_aes_gcm_results_q95,audiophile/preview.jpg,384,"0,2",0.4407958984375,1.55908203125,0,0,stego
phase3_aes_gcm_results_q95,beach/preview.jpg,384,"0,2",1.3465608465608465,1.624716553287982,0,0,cover
phase3_aes_gcm_results_q95,beach/preview.jpg,384,"0,2",1.3465608465608465,1.624716553287982,0,0,stego
phase3_aes_gcm_results_q95,corsair_collection/dotted.fabeb454b273c6d2398a.jpg,384,"0,2",0.13884645061728396,0.17440200617283952,0,0,cover
phase3_aes_gcm_results_q95,corsair_collection/dotted.fabeb454b273c6d2398a.jpg,384,"0,2",0.13884645061728396,0.17440200617283952,0,0,stego
phase3_aes_gcm_results_q95,deep_space/preview.jpg,384,"0,2",0.6776954732510289,0.92559670781893,0,0,cover
phase3_aes_gcm_results_q95,deep_space/preview.jpg,384,"0,2",0.6776954732510289,0.92559670781893,0,0,stego
phase3_aes_gcm_results_q95,demon_core/preview.jpg,384,"0,2",0.36997270899166906,0.7003016374604999,0,0,cover
phase3_aes_gcm_results_q95,demon_core/preview.jpg,384,"0,2",0.36997270899166906,0.7003016374604999,0,0,stego
phase3_aes_gcm_results_q95,dna_fragment/preview.jpg,384,"0,2",2.854458161865569,3.0535528120713304,1,1,cover
phase3_aes_gcm_results_q95,dna_fragment/preview.jpg,384,"0,2",2.854458161865569,3.0535528120713304,1,1,stego
phase3_aes_gcm_results_q95,eagleflag/preview.jpg,384,"0,2",1.6409876543209876,1.8846913580246913,0,0,cover
phase3_aes_gcm_results_q95,eagleflag/preview.jpg,384,"0,2",1.6409876543209876,1.8846913580246913,0,0,stego
phase3_aes_gcm_results_q95,fantasticcar/preview.jpg,384,"0,2",2.497543461829176,2.7873834719072814,1,1,cover
phase3_aes_gcm_results_q95,fantasticcar/preview.jpg,384,"0,2",2.497543461829176,2.7873834719072814,1,1,stego
phase3_aes_gcm_results_q95,neon_sunset/preview.jpg,384,"0,2",3.740113811728395,3.9483024691358026,1,1,cover
phase3_aes_gcm_results_q95,neon_sunset/preview.jpg,384,"0,2",3.740113811728395,3.9483024691358026,1,1,stego
phase3_aes_gcm_results_q95,retro/preview.jpg,384,"0,2",2.7500913141938783,3.0517934107677696,1,1,cover
phase3_aes_gcm_results_q95,retro/preview.jpg,384,"0,2",2.7500913141938783,3.0517934107677696,1,1,stego
phase3_aes_gcm_results_q95,ricepod/preview.jpg,384,"0,2",1.648193359375,2.7703857421875,0,1,cover
phase3_aes_gcm_results_q95,ricepod/preview.jpg,384,"0,2",1.648193359375,2.7703857421875,0,1,stego
phase3_aes_gcm_results_q95,sheep/preview.jpg,384,"0,2",7.9844970703125,8.8245849609375,1,1,cover
phase3_aes_gcm_results_q95,sheep/preview.jpg,384,"0,2",7.9844970703125,8.8245849609375,1,1,stego
phase3_aes_gcm_results_q95,shimmering_particles/preview.jpg,384,"0,2",0.3389047866805411,0.634332726326743,0,0,cover
phase3_aes_gcm_results_q95,shimmering_particles/preview.jpg,384,"0,2",0.3389047866805411,0.634332726326743,0,0,stego
phase3_aes_gcm_results_q95,techno/preview.jpg,384,"0,2",2.5965576171875,3.7213134765625,1,1,cover
phase3_aes_gcm_results_q95,techno/preview.jpg,384,"0,2",2.5965576171875,3.7213134765625,1,1,stego
