run,pair_indices,gap,embedded_bits,jpeg_quality,n,total_errors,aggregate_ber,zero_error_covers
phase1_results,"0,1,2,3",24,512,95,15,4,0.0005208333333333333,12
phase1_results,"0,1,2,3",24,512,90,15,10,0.0013020833333333333,11
phase1_results,"0,1,2,3",24,512,80,15,5,0.0006510416666666666,12
phase1_results,"0,1,2,3",24,512,70,15,12,0.0015625,10
phase1_results,"0,1,2,3",24,512,60,15,37,0.0048177083333333336,10
phase1_results,"0,1,2,3",24,512,50,15,96,0.0125,8
phase1_results_positions_0_2,"0,2",24,256,95,15,1,0.00026041666666666666,14
phase1_results_positions_0_2,"0,2",24,256,90,15,1,0.00026041666666666666,14
phase1_results_positions_0_2,"0,2",24,256,80,15,1,0.00026041666666666666,14
phase1_results_positions_0_2,"0,2",24,256,70,15,1,0.00026041666666666666,14
phase1_results_positions_0_2,"0,2",24,256,60,15,2,0.0005208333333333333,13
phase1_results_positions_0_2,"0,2",24,256,50,15,3,0.00078125,12
phase1_results_positions_0_2_tie_fixed,"0,2",24,256,95,15,2,0.0005208333333333333,13
phase1_results_positions_0_2_tie_fixed,"0,2",24,256,90,15,1,0.00026041666666666666,14
phase1_results_positions_0_2_tie_fixed,"0,2",24,256,80,15,1,0.00026041666666666666,14
phase1_results_positions_0_2_tie_fixed,"0,2",24,256,70,15,2,0.0005208333333333333,13
phase1_results_positions_0_2_tie_fixed,"0,2",24,256,60,15,3,0.00078125,12
phase1_results_positions_0_2_tie_fixed,"0,2",24,256,50,15,2,0.0005208333333333333,13
