cover,comparison,psnr,ssim,source_size,target_size
arsenal/preview.jpg,cover_to_stego,54.826343571608035,0.9963896029471834,"(864, 864)","(864, 864)"
audiophile/preview.jpg,cover_to_stego,40.535250904607565,0.9666091729787456,"(512, 512)","(512, 512)"
beach/preview.jpg,cover_to_stego,40.00377222829669,0.9880249185267768,"(1001, 1001)","(1001, 1001)"
corsair_collection/dotted.fabeb454b273c6d2398a.jpg,cover_to_stego,38.90549985983725,0.9976376888439252,"(2160, 3840)","(2160, 3840)"
deep_space/preview.jpg,cover_to_stego,39.08935039815345,0.9880490323348511,"(1079, 1079)","(1079, 1079)"
demon_core/preview.jpg,cover_to_stego,47.20743264545555,0.9919171522710677,"(939, 939)","(939, 939)"
dna_fragment/preview.jpg,cover_to_stego,56.62692292244714,0.9983466487276109,"(1080, 1080)","(1080, 1080)"
eagleflag/preview.jpg,cover_to_stego,40.02241133836081,0.9894102513148209,"(1080, 1080)","(1080, 1080)"
fantasticcar/preview.jpg,cover_to_stego,54.025302838741325,0.9967355632969888,"(1006, 1006)","(1006, 1006)"
neon_sunset/preview.jpg,cover_to_stego,55.628568362041264,0.99789580817094,"(1152, 1152)","(1152, 1152)"
retro/preview.jpg,cover_to_stego,54.0179334660497,0.9982198444596753,"(935, 935)","(935, 935)"
ricepod/preview.jpg,cover_to_stego,42.89284275194763,0.9611041660061784,"(512, 512)","(512, 512)"
sheep/preview.jpg,cover_to_stego,41.093241084621425,0.9922450729425591,"(512, 512)","(512, 512)"
shimmering_particles/preview.jpg,cover_to_stego,53.94414247021271,0.9967325075521022,"(990, 990)","(990, 990)"
techno/preview.jpg,cover_to_stego,40.83750501071023,0.9675027972884326,"(512, 512)","(512, 512)"
